"Famyli"	"Fitogeography_origin"	"Genus and species"	"n_MF1"	"n_MF2"	"n_MF3"	"n_MF4"	"n_MF5"	"n_MF6"	"biomass_total_MF1 (Mg)"	"biomass_total_MF2(Mg)"	"biomass_total_MF3 (Mg)"	"biomass_total_MF4 (Mg)"	"biomass_total_MF5 (Mg)"	"biomass_total_MF6 (Mg)"
"151"	"Anacardiaceae"	"Trop"	"Astronium_graveolens"	NA	7	NA	NA	NA	NA	NA	0,612890677435506	NA	NA	NA	NA
"176"	"Anacardiaceae"	"Trop"	"Lithraea_molleoides"	NA	3	NA	NA	NA	NA	NA	1,44692205023515	NA	NA	NA	NA
"45"	"Anacardiaceae"	"Trop"	"Schinus_terebenthifolius"	8	NA	NA	NA	NA	NA	1,12159757204575	NA	NA	NA	NA	NA
"171"	"Anacardiaceae"	"Trop"	"Tapirira_guianensis"	NA	5	NA	NA	NA	NA	NA	0,30782181005286	NA	NA	NA	NA
"275"	"Annonaceae"	"Trop"	"Annona_emarginata"	NA	NA	NA	3	NA	NA	NA	NA	NA	0,0641217159245419	NA	NA
"301"	"Annonaceae"	"Trop"	"Annona_mucosa"	NA	NA	NA	NA	8	NA	NA	NA	NA	NA	0,229486186302533	NA
"230"	"Annonaceae"	"Trop"	"Annona_rugulosa"	NA	NA	78	NA	NA	25	NA	NA	3,10466224495563	NA	NA	0,511097926932193
"314"	"Annonaceae"	"Trop"	"Annona_sylvatica"	NA	NA	NA	NA	1	NA	NA	NA	NA	NA	0,0306852119390505	NA
"121"	"Annonaceae"	"Trop"	"Duguetia_lanceolata"	NA	28	NA	NA	1	NA	NA	7,29470164386756	NA	NA	0,113439013587836	NA
"140"	"Annonaceae"	"Trop"	"Guatteria_australis"	NA	12	NA	6	5	NA	NA	0,796947952966973	NA	0,634416369941428	0,204684011855569	NA
"63"	"Annonaceae"	"Trop"	"Guatteria_hilariana"	4	NA	NA	NA	NA	NA	0,0357876533599909	NA	NA	NA	NA	NA
"23"	"Annonaceae"	"Trop"	"Guatteria_nigrescens"	24	NA	NA	NA	NA	NA	0,344461177764964	NA	NA	NA	NA	NA
"213"	"Annonaceae"	"Trop"	"Porcelia_macrocarpa"	NA	1	NA	NA	NA	NA	NA	0,76123770316945	NA	NA	NA	NA
"44"	"Annonaceae"	"Trop"	"Rollinia_silvatica"	8	NA	NA	NA	NA	NA	0,499607890432746	NA	NA	NA	NA	NA
"224"	"Annonaceae"	"Trop"	"Xylopia_brasiliensis"	NA	1	NA	NA	NA	NA	NA	0,047375778468072	NA	NA	NA	NA
"115"	"Annonaceae"	"Trop"	"Xylopia_langsdorffiana"	1	NA	NA	NA	NA	NA	0,0225596776549355	NA	NA	NA	NA	NA
"311"	"Apocynaceae"	"Trop"	"Aspidosperma_olivaceum"	NA	NA	NA	NA	2	NA	NA	NA	NA	NA	0,0902641734179399	NA
"131"	"Apocynaceae"	"Trop"	"Aspidosperma_polyneurum"	NA	19	NA	NA	NA	NA	NA	6,18112634884406	NA	NA	NA	NA
"22"	"Apocynaceae"	"Trop"	"Aspidosperma_quirandy"	25	7	NA	NA	NA	NA	1,79642738833403	4,2801214739137	NA	NA	NA	NA
"222"	"Apocynaceae"	"Trop"	"Tabernaemontana_laeta"	NA	1	NA	NA	NA	NA	NA	0,0424878454730599	NA	NA	NA	NA
"262"	"Aquifoliaceae"	"Temp"	"Ilex_(=2015_2190)"	NA	NA	1	NA	NA	NA	NA	NA	0,0359805068706505	NA	NA	NA
"263"	"Aquifoliaceae"	"Temp"	"Ilex_(=2015_2273)"	NA	NA	1	NA	NA	NA	NA	NA	0,00685542908414085	NA	NA	NA
"98"	"Aquifoliaceae"	"Temp"	"Ilex_amara"	1	NA	NA	NA	NA	NA	0,15089605755129	NA	NA	NA	NA	NA
"332"	"Aquifoliaceae"	"Temp"	"Ilex_chamaedryfolia"	NA	NA	NA	NA	NA	16	NA	NA	NA	NA	NA	0,436895328979672
"279"	"Aquifoliaceae"	"Temp"	"Ilex_dumosa"	NA	NA	NA	2	2	NA	NA	NA	NA	0,0268450502245157	0,0205987188008349	NA
"235"	"Aquifoliaceae"	"Temp"	"Ilex_microdonta"	NA	NA	29	15	NA	NA	NA	NA	2,00579116636382	1,42184795948972	NA	NA
"168"	"Aquifoliaceae"	"Temp"	"Ilex_paraguariensis"	NA	5	NA	6	40	NA	NA	0,14753248704671	NA	0,078005380701244	1,75239796192857	NA
"239"	"Aquifoliaceae"	"Temp"	"Ilex_pseudobuxus"	NA	NA	10	NA	NA	NA	NA	NA	0,584644248812134	NA	NA	NA
"68"	"Aquifoliaceae"	"Temp"	"Ilex_taubertiana"	3	NA	11	8	77	NA	1,49549987790773	NA	0,813465796700896	0,324988855351632	3,80345753696609	NA
"48"	"Aquifoliaceae"	"Temp"	"Ilex_theezans"	7	NA	6	3	12	NA	0,107869852785925	NA	0,264567870143294	0,0285906411900528	0,464021523128253	NA
"126"	"Araliaceae"	"Trop"	"Dendropanax_cuneatus"	NA	22	NA	NA	NA	NA	NA	2,07252527235265	NA	NA	NA	NA
"216"	"Araliaceae"	"Trop"	"Schefflera_angustissima"	NA	1	NA	NA	NA	NA	NA	0,0875955097817653	NA	NA	NA	NA
"170"	"Araliaceae"	"Trop"	"Schefflera_calva"	NA	5	NA	NA	41	NA	NA	0,333042638305748	NA	NA	4,45952100900343	NA
"5"	"Araucariaceae"	"Temp"	"Araucaria_angustifolia"	109	9	82	57	37	96	28,5410798670084	12,7650813434517	71,6982560665353	52,0595035114106	22,2467024081011	46,0330925126563
"117"	"Arecaceae"	"Trop"	"Euterpe_edulis"	NA	88	NA	NA	NA	NA	NA	1,39103620496039	NA	NA	NA	NA
"75"	"Arecaceae"	"Trop"	"Syagrus_romanzoffiana"	3	54	NA	NA	NA	NA	0,368851131019635	7,55548415570941	NA	NA	NA	NA
"296"	"Asteraceae"	"Trop"	"Baccharis_oblongifolia"	NA	NA	NA	NA	22	NA	NA	NA	NA	NA	0,265221856771354	NA
"260"	"Asteraceae"	"Trop"	"Baccharis_oreophila"	NA	NA	1	NA	NA	7	NA	NA	0,160898556009866	NA	NA	0,221745554711037
"281"	"Asteraceae"	"Trop"	"Chromolaena_pedunculosa"	NA	NA	NA	1	NA	NA	NA	NA	NA	0,0145261110393408	NA	NA
"297"	"Asteraceae"	"Trop"	"Critoniopsis_stellata"	NA	NA	NA	NA	20	NA	NA	NA	NA	NA	0,251464691495247	NA
"67"	"Asteraceae"	"Trop"	"Dasyphyllum_spinescens"	3	1	9	NA	NA	NA	2,07665337025603	0,00618202629310825	8,09071656663757	NA	NA	NA
"303"	"Asteraceae"	"Trop"	"Gochnatia_polymorpha"	NA	NA	NA	NA	7	NA	NA	NA	NA	NA	1,42205923807793	NA
"337"	"Asteraceae"	"Trop"	"Moquiniastrum_polymorphum"	NA	NA	NA	NA	NA	8	NA	NA	NA	NA	NA	1,58650484538075
"107"	"Asteraceae"	"Trop"	"Piptocarpha_regnellii"	1	NA	23	20	35	39	0,305079595696621	NA	3,01689565201362	10,4711301951731	4,19900756124263	4,39037605245627
"286"	"Asteraceae"	"Trop"	"Vernonanthura_discolor"	NA	NA	NA	1	NA	NA	NA	NA	NA	0,141881270710991	NA	NA
"295"	"Asteraceae"	"Trop"	"Vernonanthura_divaricata"	NA	NA	NA	NA	23	NA	NA	NA	NA	NA	0,525591278218119	NA
"251"	"Asteraceae"	"Trop"	"Vernonia_discolor"	NA	NA	3	NA	NA	NA	NA	NA	0,170795668855427	NA	NA	NA
"61"	"Asteraceae"	"Trop"	"Vernonia_sp."	5	NA	NA	NA	NA	NA	0,181241292778313	NA	NA	NA	NA	NA
"321"	"Bignoniaceae"	"Trop"	"Handroanthus_ochraceus"	NA	NA	NA	NA	1	NA	NA	NA	NA	NA	0,0367347056652609	NA
"340"	"Bignoniaceae"	"Trop"	"Jacaranda_cuspidifolia"	NA	NA	NA	NA	NA	5	NA	NA	NA	NA	NA	0,232790175552865
"132"	"Bignoniaceae"	"Trop"	"Jacaranda_micrantha"	NA	19	NA	NA	NA	NA	NA	6,43410869433418	NA	NA	NA	NA
"9"	"Bignoniaceae"	"Trop"	"Jacaranda_puberula"	81	NA	37	NA	1	NA	3,65356149427952	NA	2,58120656936613	NA	0,119649106418003	NA
"284"	"Bignoniaceae"	"Trop"	"Jacaranda_sp"	NA	NA	NA	1	NA	NA	NA	NA	NA	0,0167557065843359	NA	NA
"116"	"Bignoniaceae"	"Trop"	"Zeyheria_tuberculosa"	1	NA	NA	NA	NA	NA	0,0169852715670033	NA	NA	NA	NA	NA
"66"	"Boraginaceae"	"Trop"	"Cordia_sp."	3	NA	NA	NA	NA	NA	1,24782613740942	NA	NA	NA	NA	NA
"154"	"Boraginaceae"	"Trop"	"Patagonula_americana"	NA	7	NA	NA	NA	NA	NA	5,93980665785065	NA	NA	NA	NA
"92"	"Canellaceae"	"Trop"	"Capsicodendron_dinisii"	1	NA	NA	NA	NA	NA	0,682404271471428	NA	NA	NA	NA	NA
"136"	"Cannabaceae"	"Trop"	"Trema_micrantha"	NA	16	NA	NA	NA	NA	NA	0,197140253992051	NA	NA	NA	NA
"160"	"Cardiopteridaceae"	"Trop"	"Citronella_paniculata"	NA	6	1	2	NA	NA	NA	0,47790688722791	0,0152225797687027	0,0260008277733239	NA	NA
"139"	"Caricaceae"	"Trop"	"Jacaratia_heptaphylla"	NA	13	NA	NA	NA	NA	NA	3,16678919795663	NA	NA	NA	NA
"70"	"Celastraceae"	"Trop"	"Maytenus_aquifolia"	3	5	NA	NA	NA	NA	0,0611048070566377	0,492787698547187	NA	NA	NA	NA
"59"	"Celastraceae"	"Trop"	"Maytenus_evonymoides"	5	4	NA	NA	2	NA	0,241069666805378	0,0478569264374778	NA	NA	0,0928770693747857	NA
"254"	"Celastraceae"	"Trop"	"Maytenus_salicifolia"	NA	NA	2	NA	NA	NA	NA	NA	0,02914678413181	NA	NA	NA
"43"	"Celastraceae"	"Trop"	"Maytenus_sp.1"	8	NA	NA	NA	NA	NA	0,374638028437002	NA	NA	NA	NA	NA
"69"	"Chrysobalanaceae"	"Trop"	"Licania_kunthiana"	3	NA	NA	NA	NA	NA	2,39008583308916	NA	NA	NA	NA	NA
"199"	"Clethraceae"	"Trop"	"Clethra_scabra"	NA	1	9	96	8	3	NA	0,123671043558866	0,443855435083399	17,4393343610061	0,297415034879665	0,0419592231932265
"223"	"Combretaceae"	"Trop"	"Terminalia_triflora"	NA	1	NA	NA	NA	NA	NA	0,0342290542687836	NA	NA	NA	NA
"276"	"Cunoniaceae"	"Temp"	"Weinmannia_paulliniifolia"	NA	NA	NA	3	NA	NA	NA	NA	NA	1,17934240134066	NA	NA
"157"	"Elaeocarpaceae"	"Trop"	"Sloanea_lasiocoma"	NA	7	NA	1	NA	NA	NA	0,789960559967956	NA	0,0072968294411116	NA	NA
"334"	"Ericaceae"	"Trop"	"Agarista_oleifolia"	NA	NA	NA	NA	NA	13	NA	NA	NA	NA	NA	0,404562192173923
"183"	"Erythroxylaceae"	"Trop"	"Erythroxyllum_sp"	NA	2	NA	NA	NA	NA	NA	0,0137918424419775	NA	NA	NA	NA
"81"	"Erythroxylaceae"	"Trop"	"Erythroxylum_cuneifolium"	2	NA	NA	NA	NA	NA	0,0949164536655474	NA	NA	NA	NA	NA
"125"	"Euphorbiaceae"	"Trop"	"Actinostemon_concepcionis"	NA	25	NA	NA	NA	NA	NA	0,56346469490928	NA	NA	NA	NA
"194"	"Euphorbiaceae"	"Trop"	"Alchornea_glandulosa"	NA	1	NA	NA	2	NA	NA	0,00937693754726598	NA	NA	0,0426561282125337	NA
"164"	"Euphorbiaceae"	"Trop"	"Alchornea_triplinervia"	NA	5	NA	NA	3	NA	NA	0,576097137701742	NA	NA	0,037529667869019	NA
"138"	"Euphorbiaceae"	"Trop"	"Croton_floribundus"	NA	13	NA	NA	NA	NA	NA	2,16441137644405	NA	NA	NA	NA
"283"	"Euphorbiaceae"	"Trop"	"Croton_macrobothrys"	NA	NA	NA	1	NA	NA	NA	NA	NA	0,0356115091067593	NA	NA
"102"	"Euphorbiaceae"	"Trop"	"Micrandra_sp."	1	NA	NA	NA	NA	NA	0,54020291929188	NA	NA	NA	NA	NA
"27"	"Euphorbiaceae"	"Trop"	"Sapium_glandulosum"	17	NA	NA	NA	18	NA	2,09155014055718	NA	NA	NA	1,30200316347479	NA
"292"	"Euphorbiaceae"	"Trop"	"Sebastiania_brasiliensis"	NA	NA	NA	NA	24	NA	NA	NA	NA	NA	2,23207485994873	NA
"88"	"Euphorbiaceae"	"Trop"	"Sebastiania_klotzschiana"	2	20	NA	NA	NA	NA	0,0227443586859952	1,8557770939306	NA	NA	NA	NA
"158"	"Euphorbiaceae"	"Trop"	"Tetrorchidium_rubrivenium"	NA	7	NA	NA	NA	NA	NA	0,131935011286243	NA	NA	NA	NA
"193"	"Fabaceae"	"Trop"	"Acacia_polyphylla"	NA	1	NA	NA	NA	NA	NA	0,0118505390530784	NA	NA	NA	NA
"50"	"Fabaceae"	"Trop"	"Anadenanthera_sp."	6	NA	NA	NA	NA	NA	0,551635484760907	NA	NA	NA	NA	NA
"52"	"Fabaceae"	"Trop"	"Cassia_leptophylla"	6	1	NA	NA	NA	NA	1,47246178039259	0,993287868956787	NA	NA	NA	NA
"78"	"Fabaceae"	"Trop"	"Copaifera_langsdorffii"	2	3	NA	NA	NA	NA	0,513690819313113	0,764127707104646	NA	NA	NA	NA
"130"	"Fabaceae"	"Trop"	"Copaifera_trapezifolia"	NA	21	NA	NA	NA	NA	NA	1,00171661281126	NA	NA	NA	NA
"56"	"Fabaceae"	"Trop"	"Dalbergia_brasiliensis"	5	NA	NA	NA	28	NA	2,68608642700852	NA	NA	NA	3,28837441775188	NA
"308"	"Fabaceae"	"Trop"	"Dalbergia_myriantha"	NA	NA	NA	NA	3	NA	NA	NA	NA	NA	0,0714974855739047	NA
"80"	"Fabaceae"	"Trop"	"Enterolobium_sp."	2	NA	NA	NA	NA	NA	0,192782922551478	NA	NA	NA	NA	NA
"46"	"Fabaceae"	"Trop"	"Erythrina_falcata"	7	NA	NA	NA	NA	NA	0,634025377324395	NA	NA	NA	NA	NA
"83"	"Fabaceae"	"Trop"	"Exostyles_godoyensis"	2	19	NA	NA	NA	NA	0,0794321901943474	1,72968680075564	NA	NA	NA	NA
"185"	"Fabaceae"	"Trop"	"Holocalyx_glaziovii"	NA	2	NA	NA	NA	NA	NA	0,0799694644987182	NA	NA	NA	NA
"322"	"Fabaceae"	"Trop"	"Inga_edwalii"	NA	NA	NA	NA	1	NA	NA	NA	NA	NA	0,00580440198107479	NA
"143"	"Fabaceae"	"Trop"	"Inga_marginata"	NA	10	NA	NA	NA	NA	NA	0,281837323977964	NA	NA	NA	NA
"186"	"Fabaceae"	"Trop"	"Inga_sessilis"	NA	2	NA	NA	NA	NA	NA	0,0230895057796954	NA	NA	NA	NA
"133"	"Fabaceae"	"Trop"	"Inga_striata"	NA	18	NA	NA	NA	NA	NA	1,71720584193297	NA	NA	NA	NA
"323"	"Fabaceae"	"Trop"	"Leucochloron_incuriale"	NA	NA	NA	NA	1	NA	NA	NA	NA	NA	0,00879571084186502	NA
"57"	"Fabaceae"	"Trop"	"Lonchocarpus_campestris"	5	NA	NA	NA	NA	NA	0,983388332663495	NA	NA	NA	NA	NA
"58"	"Fabaceae"	"Trop"	"Lonchocarpus_cultratus"	5	NA	NA	NA	NA	NA	0,0987218966788474	NA	NA	NA	NA	NA
"33"	"Fabaceae"	"Trop"	"Machaerium_hatschbachii"	12	NA	NA	NA	NA	NA	1,39247743783024	NA	NA	NA	NA	NA
"99"	"Fabaceae"	"Trop"	"Machaerium_minutiflorum"	1	NA	NA	NA	NA	NA	0,32384669210971	NA	NA	NA	NA	NA
"54"	"Fabaceae"	"Trop"	"Machaerium_nyctitans"	6	18	NA	NA	NA	NA	0,32558123044868	10,2905657195034	NA	NA	NA	NA
"124"	"Fabaceae"	"Trop"	"Machaerium_paraguariense"	NA	26	NA	NA	NA	NA	NA	4,41365334453001	NA	NA	NA	NA
"84"	"Fabaceae"	"Trop"	"Machaerium_scleroxylon"	2	13	NA	NA	NA	NA	0,0583727765853441	9,83677558935889	NA	NA	NA	NA
"55"	"Fabaceae"	"Trop"	"Machaerium_sp."	6	NA	NA	NA	NA	NA	0,888278710100355	NA	NA	NA	NA	NA
"11"	"Fabaceae"	"Trop"	"Machaerium_stipitatum"	68	17	NA	NA	NA	NA	7,04668390884122	5,22084063538077	NA	NA	NA	NA
"18"	"Fabaceae"	"Trop"	"Machaerium_vestitum"	37	NA	NA	NA	NA	NA	2,05490917190655	NA	NA	NA	NA	NA
"313"	"Fabaceae"	"Trop"	"Machaerium_villosum"	NA	NA	NA	NA	2	NA	NA	NA	NA	NA	0,153514741301534	NA
"255"	"Fabaceae"	"Trop"	"Mimosa_scabrela"	NA	NA	2	NA	NA	NA	NA	NA	2,37690549387209	NA	NA	NA
"336"	"Fabaceae"	"Trop"	"Mimosa_scabrella"	NA	NA	NA	NA	NA	8	NA	NA	NA	NA	NA	0,383292640541078
"326"	"Fabaceae"	"Trop"	"Ormosia_sp."	NA	NA	NA	NA	1	NA	NA	NA	NA	NA	0,0350028713297361	NA
"120"	"Fabaceae"	"Trop"	"Parapiptadenia_rigida"	NA	29	NA	NA	NA	NA	NA	30,0401307422488	NA	NA	NA	NA
"49"	"Fabaceae"	"Trop"	"Piptadenia_gonoacantha"	7	6	NA	NA	NA	NA	2,37336619372695	3,33809782375413	NA	NA	NA	NA
"108"	"Fabaceae"	"Trop"	"Pithecellobium_langsdorffii"	1	NA	NA	NA	NA	NA	0,0287746475976691	NA	NA	NA	NA	NA
"72"	"Fabaceae"	"Trop"	"Poecilanthe_parviflora"	3	NA	NA	NA	NA	NA	3,67214949280817	NA	NA	NA	NA	NA
"330"	"Fabaceae"	"Trop"	"Senna_macranthera"	NA	NA	NA	NA	1	NA	NA	NA	NA	NA	0,00699718563810674	NA
"89"	"Fabaceae"	"Trop"	"Senna_multijuga"	2	NA	NA	NA	NA	NA	0,058114254943691	NA	NA	NA	NA	NA
"4"	"Fabaceae"	"Trop"	"Swartzia_acutifolia"	118	NA	NA	NA	NA	NA	8,49910424223849	NA	NA	NA	NA	NA
"259"	"Lamiaceae"	"Trop"	"Aegiphila_integrifolia"	NA	NA	1	NA	NA	NA	NA	NA	0,145890352320127	NA	NA	NA
"37"	"Lamiaceae"	"Trop"	"Vitex_polygama"	10	NA	NA	NA	NA	NA	0,467580135893809	NA	NA	NA	NA	NA
"282"	"Lauraceae"	"Trop"	"Cinnamomum_glaziovii"	NA	NA	NA	1	NA	NA	NA	NA	NA	0,00744219044780967	NA	NA
"229"	"Lauraceae"	"Trop"	"Cinnamomum_sellowianum"	NA	NA	95	7	NA	NA	NA	NA	14,2221132771577	0,27502623769117	NA	NA
"94"	"Lauraceae"	"Trop"	"Cinnamomum_sp.1"	1	NA	NA	NA	NA	NA	0,00440585784139735	NA	NA	NA	NA	NA
"278"	"Lauraceae"	"Trop"	"Cinnamomum_triplinerve"	NA	NA	NA	2	NA	NA	NA	NA	NA	0,0411468374919223	NA	NA
"79"	"Lauraceae"	"Trop"	"Endlicheria_paniculata"	2	2	NA	NA	1	NA	0,0304704152053706	0,0146414239869181	NA	NA	0,0176265962984414	NA
"86"	"Lauraceae"	"Trop"	"Nectandra_angustifolia"	2	NA	NA	NA	NA	NA	0,0741488025811319	NA	NA	NA	NA	NA
"169"	"Lauraceae"	"Trop"	"Nectandra_lanceolata"	NA	5	NA	NA	NA	NA	NA	3,75937104479252	NA	NA	NA	NA
"149"	"Lauraceae"	"Trop"	"Nectandra_megapotamica"	NA	8	NA	NA	NA	NA	NA	0,965805453197748	NA	NA	NA	NA
"293"	"Lauraceae"	"Trop"	"Nectandra_nitidula"	NA	NA	NA	NA	23	NA	NA	NA	NA	NA	2,09173025783101	NA
"208"	"Lauraceae"	"Trop"	"Nectandra_oppositifolia"	NA	1	NA	NA	1	NA	NA	0,12870623084735	NA	NA	0,00914696314349386	NA
"104"	"Lauraceae"	"Trop"	"Ocotea_bicolor"	1	6	9	3	23	NA	0,125021736022153	0,972052440557724	0,355756980588153	0,0358297417796667	2,87532664839736	NA
"26"	"Lauraceae"	"Trop"	"Ocotea_brachybotra"	18	NA	NA	NA	NA	NA	0,295555739125759	NA	NA	NA	NA	NA
"145"	"Lauraceae"	"Trop"	"Ocotea_corymbosa"	NA	9	NA	NA	21	NA	NA	1,19574680612739	NA	NA	1,78844020558034	NA
"146"	"Lauraceae"	"Trop"	"Ocotea_diospyrifolia"	NA	9	NA	NA	14	NA	NA	5,334273997805	NA	NA	1,80133864845712	NA
"244"	"Lauraceae"	"Trop"	"Ocotea_dispersa"	NA	NA	6	NA	11	NA	NA	NA	0,217116512367954	NA	0,318471986652113	NA
"3"	"Lauraceae"	"Trop"	"Ocotea_elegans"	118	2	NA	NA	NA	NA	18,7146730577652	0,679870246883665	NA	NA	NA	NA
"256"	"Lauraceae"	"Trop"	"Ocotea_glaziovii"	NA	NA	2	8	6	NA	NA	NA	0,0422608234044503	0,0592700724497372	0,40051695169843	NA
"128"	"Lauraceae"	"Trop"	"Ocotea_indecora"	NA	22	1	NA	NA	NA	NA	3,04737853525816	0,00685894667586081	NA	NA	NA
"10"	"Lauraceae"	"Trop"	"Ocotea_nutans"	69	NA	NA	NA	NA	NA	10,9928034817233	NA	NA	NA	NA	NA
"71"	"Lauraceae"	"Trop"	"Ocotea_odorifera"	3	NA	NA	NA	1	NA	0,0302628865003061	NA	NA	NA	0,00567719932563718	NA
"189"	"Lauraceae"	"Trop"	"Ocotea_prolifera"	NA	2	NA	NA	NA	NA	NA	0,0812205011250133	NA	NA	NA	NA
"15"	"Lauraceae"	"Trop"	"Ocotea_puberula"	42	NA	6	1	NA	NA	18,1361921750163	NA	0,439924649086973	0,00437295090242248	NA	NA
"209"	"Lauraceae"	"Trop"	"Ocotea_pulchella"	NA	1	72	18	79	70	NA	0,256724861416708	5,62063391097087	0,551626769157595	5,61142293790381	2,33212904529856
"162"	"Lauraceae"	"Trop"	"Ocotea_silvestris"	NA	6	NA	NA	4	NA	NA	0,607415789915679	NA	NA	0,190403629195675	NA
"40"	"Lauraceae"	"Trop"	"Ocotea_sp."	9	NA	NA	NA	NA	NA	0,998113630854928	NA	NA	NA	NA	NA
"210"	"Lauraceae"	"Trop"	"Ocotea_teleiandra"	NA	1	NA	NA	NA	NA	NA	0,890915604304362	NA	NA	NA	NA
"265"	"Lauraceae"	"Trop"	"Persea_alba"	NA	NA	1	NA	NA	NA	NA	NA	0,555810718916499	NA	NA	NA
"280"	"Lauraceae"	"Trop"	"Persea_microneura"	NA	NA	NA	2	NA	NA	NA	NA	NA	0,0214040872413154	NA	NA
"87"	"Lauraceae"	"Trop"	"Persea_sp."	2	NA	NA	NA	NA	NA	0,477558990814821	NA	NA	NA	NA	NA
"211"	"Lauraceae"	"Trop"	"Persea_willdenovii"	NA	1	3	NA	5	NA	NA	2,41769307576077	0,45522834615279	NA	2,46891699349468	NA
"200"	"Laxmaniaceae"	"Trop"	"Cordyline_terminalis"	NA	1	NA	NA	NA	NA	NA	0,0345940879301133	NA	NA	NA	NA
"74"	"Loganiaceae"	"Trop"	"Strichnos_brasiliensis"	3	NA	NA	NA	NA	NA	0,035897391231815	NA	NA	NA	NA	NA
"287"	"Lythraceae"	"Trop"	"Lafoensia_pacari"	NA	NA	NA	NA	119	NA	NA	NA	NA	NA	8,31938529758903	NA
"65"	"Malpighiaceae"	"Trop"	"Bunchosia_pallescens"	3	NA	NA	NA	NA	NA	0,351640589241328	NA	NA	NA	NA	NA
"197"	"Malvaceae"	"Trop"	"Ceiba_speciosa"	NA	1	NA	NA	NA	NA	NA	0,42179061376349	NA	NA	NA	NA
"1"	"Malvaceae"	"Trop"	"Guazuma_ulmifolia"	203	1	NA	NA	NA	NA	3,36477914449187	0,0348286833785889	NA	NA	NA	NA
"13"	"Malvaceae"	"Trop"	"Luehea_divaricata"	46	37	NA	NA	NA	NA	7,8598832161002	15,009292540212	NA	NA	NA	NA
"215"	"Malvaceae"	"Trop"	"Pseudobombax_grandiflorum"	NA	1	NA	NA	NA	NA	NA	0,00487841614930155	NA	NA	NA	NA
"338"	"Melastomataceae"	"Trop"	"Miconia_budlejoides"	NA	NA	NA	NA	NA	7	NA	NA	NA	NA	NA	0,0674084720284818
"242"	"Melastomataceae"	"Trop"	"Miconia_cinerascens"	NA	NA	6	40	NA	NA	NA	NA	0,0651236372981801	0,704482342496398	NA	NA
"202"	"Melastomataceae"	"Trop"	"Miconia_doriana"	NA	1	NA	NA	NA	NA	NA	0,032413332126687	NA	NA	NA	NA
"203"	"Melastomataceae"	"Trop"	"Miconia_hymenonervia"	NA	1	NA	NA	NA	NA	NA	0,00718132378266366	NA	NA	NA	NA
"291"	"Melastomataceae"	"Trop"	"Miconia_ligustroides"	NA	NA	NA	NA	27	NA	NA	NA	NA	NA	1,25758785670729	NA
"177"	"Melastomataceae"	"Trop"	"Miconia_petropolitana"	NA	3	NA	NA	NA	NA	NA	0,0247364968528726	NA	NA	NA	NA
"305"	"Melastomataceae"	"Trop"	"Miconia_pusiliflora"	NA	NA	NA	NA	5	NA	NA	NA	NA	NA	0,0950427350136936	NA
"306"	"Melastomataceae"	"Trop"	"Miconia_shepherdii"	NA	NA	NA	NA	5	NA	NA	NA	NA	NA	0,114412945589665	NA
"101"	"Melastomataceae"	"Trop"	"Miconia_sp."	1	NA	NA	NA	NA	NA	0,00695581621916653	NA	NA	NA	NA	NA
"204"	"Melastomataceae"	"Trop"	"Miconia_tristis"	NA	1	NA	NA	NA	NA	NA	0,00700598033258171	NA	NA	NA	NA
"51"	"Meliaceae"	"Trop"	"Cabralea_canjerana"	6	17	NA	NA	2	NA	0,0447413726805298	0,653413579459494	NA	NA	0,0926764662347957	NA
"25"	"Meliaceae"	"Trop"	"Cedrela_fissilis"	20	5	NA	2	2	NA	12,3304435453757	2,79774124720819	NA	0,015612356068082	0,103489532930138	NA
"201"	"Meliaceae"	"Trop"	"Guarea_macrophylla"	NA	1	NA	NA	NA	NA	NA	0,0149918406131034	NA	NA	NA	NA
"119"	"Meliaceae"	"Trop"	"Trichilia_catigua"	NA	50	NA	NA	NA	NA	NA	1,60176644229604	NA	NA	NA	NA
"129"	"Meliaceae"	"Trop"	"Trichilia_claussenii"	NA	22	NA	NA	NA	NA	NA	1,00921345678069	NA	NA	NA	NA
"77"	"Meliaceae"	"Trop"	"Trichilia_elegans"	3	7	NA	NA	NA	NA	0,0336956788031053	0,135262100778935	NA	NA	NA	NA
"192"	"Meliaceae"	"Trop"	"Trichilia_pallida"	NA	2	NA	NA	NA	NA	NA	0,0221491529510822	NA	NA	NA	NA
"188"	"Monimiaceae"	"Trop"	"Mollinedia_argyrogyna"	NA	2	NA	NA	2	NA	NA	0,0741977053365502	NA	NA	0,024178482075829	NA
"127"	"Monimiaceae"	"Trop"	"Mollinedia_elegans"	NA	22	NA	NA	NA	NA	NA	0,375489547418798	NA	NA	NA	NA
"205"	"Monimiaceae"	"Trop"	"Mollinedia_schottiana"	NA	1	NA	NA	NA	NA	NA	0,00852651656215032	NA	NA	NA	NA
"184"	"Moraceae"	"Trop"	"Ficus_luschnathiana"	NA	2	NA	NA	NA	NA	NA	0,187426148621536	NA	NA	NA	NA
"97"	"Moraceae"	"Trop"	"Ficus_sp."	1	NA	NA	NA	NA	NA	0,047378563165924	NA	NA	NA	NA	NA
"111"	"Moraceae"	"Trop"	"Sorocea_bonplandii"	1	187	NA	NA	14	NA	0,0223282642469083	9,17438508354996	NA	NA	0,342615632405757	NA
"302"	"Myrtaceae"	"Trop"	"Blepharocalyx_salicifolius"	NA	NA	NA	NA	7	NA	NA	NA	NA	NA	0,359038413989788	NA
"253"	"Myrtaceae"	"Trop"	"Calyptranthes_(=1475 coletado)"	NA	NA	2	NA	NA	NA	NA	NA	0,0382809103367552	NA	NA	NA
"173"	"Myrtaceae"	"Trop"	"Calyptranthes_grandifolia"	NA	3	NA	NA	NA	NA	NA	0,0381217518336765	NA	NA	NA	NA
"241"	"Myrtaceae"	"Trop"	"Calyptranthes_lucida"	NA	NA	6	NA	NA	NA	NA	NA	1,21177129347004	NA	NA	NA
"315"	"Myrtaceae"	"Trop"	"Calyptranthes_sp."	NA	NA	NA	NA	1	NA	NA	NA	NA	NA	0,0141111313429689	NA
"277"	"Myrtaceae"	"Trop"	"Calyptranthes_widgreniana"	NA	NA	NA	2	22	NA	NA	NA	NA	0,116420792482428	0,635886822867908	NA
"312"	"Myrtaceae"	"Trop"	"Campomanesia_eugenioides"	NA	NA	NA	NA	2	NA	NA	NA	NA	NA	0,0736303468768398	NA
"137"	"Myrtaceae"	"Trop"	"Campomanesia_guazumifolia"	NA	15	NA	NA	14	NA	NA	1,30448611218073	NA	NA	0,420410776470927	NA
"91"	"Myrtaceae"	"Trop"	"Campomanesia_sp."	1	NA	NA	NA	NA	NA	0,0252797841848875	NA	NA	NA	NA	NA
"42"	"Myrtaceae"	"Trop"	"Campomanesia_sp.2"	8	NA	NA	NA	NA	NA	0,369284435079859	NA	NA	NA	NA	NA
"12"	"Myrtaceae"	"Trop"	"Campomanesia_xanthocarpa"	49	4	NA	NA	NA	NA	4,37837779016939	0,47777724378092	NA	NA	NA	NA
"317"	"Myrtaceae"	"Trop"	"Eugenia_(laranja)"	NA	NA	NA	NA	1	NA	NA	NA	NA	NA	0,493705373618068	NA
"318"	"Myrtaceae"	"Trop"	"Eugenia_(miuda, branca)"	NA	NA	NA	NA	1	NA	NA	NA	NA	NA	0,0163576312767241	NA
"17"	"Myrtaceae"	"Trop"	"Eugenia_cerasiflora"	37	NA	NA	NA	NA	NA	2,79726432849095	NA	NA	NA	NA	NA
"166"	"Myrtaceae"	"Trop"	"Eugenia_dodonaeifolia"	NA	5	NA	NA	NA	NA	NA	0,16440602621505	NA	NA	NA	NA
"21"	"Myrtaceae"	"Trop"	"Eugenia_involucrata"	26	NA	NA	NA	NA	NA	1,11515781682616	NA	NA	NA	NA	NA
"39"	"Myrtaceae"	"Trop"	"Eugenia_ligustrina"	9	102	2	NA	16	NA	0,338312943356176	4,31736633340522	0,180940856949737	NA	0,897960883093753	NA
"319"	"Myrtaceae"	"Trop"	"Eugenia_neoformosa"	NA	NA	NA	NA	1	NA	NA	NA	NA	NA	0,0403742847268764	NA
"8"	"Myrtaceae"	"Trop"	"Eugenia_neoverrucosa"	85	NA	NA	NA	NA	NA	2,77019323473785	NA	NA	NA	NA	NA
"288"	"Myrtaceae"	"Trop"	"Eugenia_pluriflora"	NA	NA	NA	NA	106	NA	NA	NA	NA	NA	3,06164926448148	NA
"175"	"Myrtaceae"	"Trop"	"Eugenia_ramboi"	NA	3	NA	NA	76	NA	NA	0,750804640944014	NA	NA	4,98399999694585	NA
"320"	"Myrtaceae"	"Trop"	"Eugenia_sp."	NA	NA	NA	NA	1	NA	NA	NA	NA	NA	0,0481335914121239	NA
"47"	"Myrtaceae"	"Trop"	"Eugenia_sp.2"	7	NA	NA	NA	NA	NA	0,226749869696875	NA	NA	NA	NA	NA
"309"	"Myrtaceae"	"Trop"	"Eugenia_sp.7"	NA	NA	NA	NA	3	NA	NA	NA	NA	NA	0,152551600716341	NA
"96"	"Myrtaceae"	"Trop"	"Eugenia_speciosa"	1	NA	NA	NA	NA	NA	0,0115536783101735	NA	NA	NA	NA	NA
"123"	"Myrtaceae"	"Trop"	"Eugenia_stenophylla"	NA	26	NA	NA	NA	NA	NA	2,69038965647776	NA	NA	NA	NA
"82"	"Myrtaceae"	"Trop"	"Eugenia_stictosepala"	2	NA	NA	NA	NA	NA	0,0217621487646208	NA	NA	NA	NA	NA
"167"	"Myrtaceae"	"Trop"	"Eugenia_uniflora"	NA	5	NA	NA	NA	NA	NA	0,099455116821922	NA	NA	NA	NA
"264"	"Myrtaceae"	"Trop"	"Myciaria_tenella"	NA	NA	1	NA	NA	NA	NA	NA	0,0155625167274486	NA	NA	NA
"331"	"Myrtaceae"	"Temp"	"Myrceugenia_bracteosa"	NA	NA	NA	NA	NA	249	NA	NA	NA	NA	NA	10,8069069332686
"60"	"Myrtaceae"	"Temp"	"Myrceugenia_brevipedicellata"	5	NA	3	NA	NA	NA	0,132793873656521	NA	0,066908634501008	NA	NA	NA
"32"	"Myrtaceae"	"Temp"	"Myrceugenia_campestris"	13	NA	NA	NA	NA	NA	0,307303558379526	NA	NA	NA	NA	NA
"226"	"Myrtaceae"	"Temp"	"Myrceugenia_miersiana"	NA	NA	411	30	10	NA	NA	NA	23,71073901277	1,46584824605535	0,238829374891756	NA
"248"	"Myrtaceae"	"Temp"	"Myrceugenia_ovata"	NA	NA	4	NA	NA	NA	NA	NA	0,113513895907917	NA	NA	NA
"333"	"Myrtaceae"	"Temp"	"Myrceugenia_regnelliana"	NA	NA	NA	NA	NA	16	NA	NA	NA	NA	NA	0,169104362203962
"233"	"Myrtaceae"	"Temp"	"Myrceugenia_rufescens"	NA	NA	52	69	13	NA	NA	NA	9,26169348078966	20,6839984150342	0,37403396705704	NA
"324"	"Myrtaceae"	"Temp"	"Myrceugenia_scutellata"	NA	NA	NA	NA	1	NA	NA	NA	NA	NA	0,0116597889789819	NA
"238"	"Myrtaceae"	"Temp"	"Myrceugenia_sp. 2"	NA	NA	20	NA	NA	NA	NA	NA	1,55667315019163	NA	NA	NA
"325"	"Myrtaceae"	"Trop"	"Myrcia_aethusa"	NA	NA	NA	NA	1	NA	NA	NA	NA	NA	0,0268511305569326	NA
"298"	"Myrtaceae"	"Trop"	"Myrcia_bicarinata"	NA	NA	NA	NA	17	NA	NA	NA	NA	NA	0,970847075106129	NA
"289"	"Myrtaceae"	"Trop"	"Myrcia_guianensis"	NA	NA	NA	NA	51	1	NA	NA	NA	NA	2,73322430335585	0,0251298517577964
"228"	"Myrtaceae"	"Trop"	"Myrcia_hartwegiana"	NA	NA	167	112	13	NA	NA	NA	4,53050503524493	6,99709864132296	0,196964245872895	NA
"178"	"Myrtaceae"	"Trop"	"Myrcia_laruotteana"	NA	3	64	NA	114	73	NA	0,103819573505045	7,29580148453744	NA	5,43171031168431	3,12325721185861
"20"	"Myrtaceae"	"Trop"	"Myrcia_multiflora"	32	7	NA	NA	1	NA	1,29326646650512	0,323718797935995	NA	NA	0,0168942100429712	NA
"206"	"Myrtaceae"	"Trop"	"Myrcia_pulchra"	NA	1	NA	1	62	NA	NA	0,0624204726802787	NA	0,00772014300446572	6,47945602739099	NA
"234"	"Myrtaceae"	"Trop"	"Myrcia_retorta"	NA	NA	35	1	NA	NA	NA	NA	8,89563811030084	0,0435630916989145	NA	NA
"85"	"Myrtaceae"	"Trop"	"Myrcia_rostrata"	2	4	NA	NA	NA	NA	0,114161451124064	0,168861827379788	NA	NA	NA	NA
"250"	"Myrtaceae"	"Trop"	"Myrcia_splendens"	NA	NA	3	1	16	NA	NA	NA	0,061361740741518	0,00940537600400814	0,526751961122099	NA
"335"	"Myrtaceae"	"Trop"	"Myrcia_subcordata"	NA	NA	NA	NA	NA	11	NA	NA	NA	NA	NA	0,405813908323128
"103"	"Myrtaceae"	"Trop"	"Myrcia_tenuivenosa"	1	NA	NA	NA	NA	NA	0,00969571204270323	NA	NA	NA	NA	NA
"30"	"Myrtaceae"	"Trop"	"Myrcia_tomentosa"	14	NA	NA	NA	NA	NA	0,374667558919812	NA	NA	NA	NA	NA
"299"	"Myrtaceae"	"Trop"	"Myrcia_venulosa"	NA	NA	NA	NA	14	20	NA	NA	NA	NA	1,20521161384386	0,474012635834575
"161"	"Myrtaceae"	"Trop"	"Myrciaria_rivularis"	NA	6	NA	NA	NA	NA	NA	0,161166327855996	NA	NA	NA	NA
"236"	"Myrtaceae"	"Trop"	"Myrciaria_tenella"	NA	NA	22	NA	NA	NA	NA	NA	0,35624924717643	NA	NA	NA
"300"	"Myrtaceae"	"Trop"	"Neomitranthes_pedicellata"	NA	NA	NA	NA	12	NA	NA	NA	NA	NA	0,457181244631382	NA
"274"	"Myrtaceae"	"Trop"	"Neomitranthes_sp"	NA	NA	NA	4	NA	NA	NA	NA	NA	0,21977397509313	NA	NA
"266"	"Myrtaceae"	"Trop"	"Pimenta_pseudocaryophyllus"	NA	NA	1	NA	NA	2	NA	NA	0,0100758123062754	NA	NA	0,16281028248307
"212"	"Myrtaceae"	"Trop"	"Plinia_cauliflora"	NA	1	NA	NA	NA	NA	NA	0,0107356907281922	NA	NA	NA	NA
"328"	"Myrtaceae"	"Trop"	"Plinia_rivularis"	NA	NA	NA	NA	1	NA	NA	NA	NA	NA	0,0549328733547701	NA
"310"	"Myrtaceae"	"Trop"	"Psidium_sp."	NA	NA	NA	NA	3	NA	NA	NA	NA	NA	0,212374606237058	NA
"110"	"Myrtaceae"	"Trop"	"Psidum_sp.1"	1	NA	NA	NA	NA	NA	0,0157151154355106	NA	NA	NA	NA	NA
"342"	"Myrtaceae"	"Trop"	"Siphoneugena_crassifolia"	NA	NA	NA	NA	NA	5	NA	NA	NA	NA	NA	0,0836418329743358
"304"	"Myrtaceae"	"Trop"	"Siphoneugena_densiflora"	NA	NA	NA	NA	6	NA	NA	NA	NA	NA	0,112669304807874	NA
"240"	"Myrtaceae"	"Trop"	"Siphoneugena_reitzii"	NA	NA	9	10	1	NA	NA	NA	0,125963514993007	0,111880626645435	0,0331743356086532	NA
"53"	"Nyctaginaceae"	"Trop"	"Guapira_opposita"	6	3	NA	NA	1	NA	3,13236244108473	0,016830142311605	NA	NA	0,016265392854554	NA
"113"	"Olacaceae"	"Trop"	"Tetrastylidium_grandifolium"	1	NA	NA	NA	NA	NA	0,037382250457269	NA	NA	NA	NA	NA
"152"	"Oleaceae"	"Trop"	"Chionanthus_filiformis"	NA	7	NA	NA	NA	NA	NA	0,236499849055909	NA	NA	NA	NA
"159"	"Opiliaceae"	"Trop"	"Agonandra_brasiliensis"	NA	6	NA	NA	NA	NA	NA	1,38240748041714	NA	NA	NA	NA
"344"	"Pentaphylacaceae"	"Trop"	"Ternstroemia_brasiliensis"	NA	NA	NA	NA	NA	2	NA	NA	NA	NA	NA	0,163313368146099
"190"	"Peraceae"	"Trop"	"Pera_glabrata"	NA	2	NA	NA	NA	NA	NA	0,73072732692316	NA	NA	NA	NA
"191"	"Phytolaccaceae"	"Trop"	"Seguieria_langsdorffii"	NA	2	NA	NA	NA	NA	NA	0,127951982456727	NA	NA	NA	NA
"257"	"Picramniaceae"	"Trop"	"Picramnia_glazioviana"	NA	NA	2	NA	NA	NA	NA	NA	0,100415283346943	NA	NA	NA
"237"	"Picramniaceae"	"Trop"	"Picramnia_parvifolia"	NA	NA	22	NA	2	NA	NA	NA	0,619031222771581	NA	0,10389748734302	NA
"105"	"Picramniaceae"	"Trop"	"Picramnia_sellowii"	1	NA	NA	NA	NA	NA	0,00696229059647784	NA	NA	NA	NA	NA
"249"	"Picramniaceae"	"Trop"	"Picramnia_sp"	NA	NA	4	NA	NA	NA	NA	NA	0,10572621662248	NA	NA	NA
"106"	"Picramniaceae"	"Trop"	"Picramnia_sp.2"	1	NA	NA	NA	NA	NA	0,0893667354035726	NA	NA	NA	NA	NA
"232"	"Podocarpaceae"	"Temp"	"Podocarpus_lambertii"	NA	NA	53	59	34	239	NA	NA	92,9404481835232	33,4998520257434	6,64489299441514	59,2401231981762
"28"	"Polygonaceae"	"Trop"	"Coccoloba_warmingii"	16	NA	NA	NA	NA	NA	1,74357654143804	NA	NA	NA	NA	NA
"243"	"Primulaceae"	"Trop"	"Myrsine_coriacea"	NA	NA	6	NA	NA	6	NA	NA	1,3785073544856	NA	NA	0,35236032176492
"339"	"Primulaceae"	"Trop"	"Myrsine_gardneriana"	NA	NA	NA	NA	NA	7	NA	NA	NA	NA	NA	0,757493095725288
"341"	"Primulaceae"	"Trop"	"Myrsine_lancifolia"	NA	NA	NA	NA	NA	5	NA	NA	NA	NA	NA	0,535039452002341
"207"	"Primulaceae"	"Trop"	"Myrsine_umbellata"	NA	1	106	80	44	105	NA	0,0098237699068329	16,6762718741652	6,31155798498611	1,89780074162259	5,98454136583146
"155"	"Primulaceae"	"Trop"	"Rapanea_loefgrenii"	NA	7	NA	NA	NA	NA	NA	0,198229062815347	NA	NA	NA	NA
"34"	"Primulaceae"	"Trop"	"Rapanea_umbellata"	11	3	NA	NA	NA	NA	0,163400714356676	0,180926626838965	NA	NA	NA	NA
"41"	"Proteaceae"	"Trop"	"Roupala_brasiliensis"	9	NA	NA	NA	NA	NA	1,21471011773847	NA	NA	NA	NA	NA
"268"	"Proteaceae"	"Trop"	"Roupala_montana"	NA	NA	1	1	60	NA	NA	NA	0,0117907977042308	0,00749008019625501	2,5314705012398	NA
"182"	"Rhamnaceae"	"Trop"	"Colubrina_glandulosa"	NA	2	NA	NA	NA	NA	NA	0,198663004306808	NA	NA	NA	NA
"156"	"Rhamnaceae"	"Trop"	"Rhamnidium_elaeocarpum"	NA	7	NA	NA	NA	NA	NA	0,163373944862015	NA	NA	NA	NA
"245"	"Rhamnaceae"	"Temp"	"Rhamnus_sphaerosperma"	NA	NA	6	10	3	5	NA	NA	0,169495024656786	0,710173314212871	0,0310604136486909	0,0487642246615101
"16"	"Rosaceae"	"Temp"	"Prunus_myrtifolia"	40	10	94	74	23	8	9,46581144930089	0,424507819018852	12,6598488682771	5,35409741560829	1,5285961107143	0,483584561562164
"150"	"Rubiaceae"	"Trop"	"Alibertia_concolor"	NA	7	NA	NA	NA	NA	NA	0,169330205855156	NA	NA	NA	NA
"38"	"Rubiaceae"	"Trop"	"Alibertia_myrciifolia"	9	3	NA	NA	NA	NA	0,0994716748591456	0,0310318451430819	NA	NA	NA	NA
"195"	"Rubiaceae"	"Trop"	"Amaioua_intermedia"	NA	1	NA	NA	NA	NA	NA	0,0502694303083037	NA	NA	NA	NA
"174"	"Rubiaceae"	"Trop"	"Chomelia_obtusa"	NA	3	NA	NA	NA	NA	NA	0,0775125031808979	NA	NA	NA	NA
"273"	"Rubiaceae"	"Trop"	"Cordiera_myricifolia"	NA	NA	NA	5	NA	NA	NA	NA	NA	0,0452781161782593	NA	NA
"95"	"Rubiaceae"	"Trop"	"Coutarea_hexandra"	1	NA	NA	NA	NA	NA	0,0592861096639001	NA	NA	NA	NA	NA
"122"	"Rubiaceae"	"Trop"	"Faramea_montevidensis"	NA	28	NA	NA	NA	NA	NA	0,374179195184039	NA	NA	NA	NA
"290"	"Rubiaceae"	"Trop"	"Faramea_sp."	NA	NA	NA	NA	28	NA	NA	NA	NA	NA	0,859091536937296	NA
"187"	"Rubiaceae"	"Trop"	"Ixora_venulosa"	NA	2	NA	NA	NA	NA	NA	0,0277074138225633	NA	NA	NA	NA
"31"	"Rubiaceae"	"Trop"	"Psychotria_longipes"	14	NA	NA	NA	NA	NA	0,218470628317666	NA	NA	NA	NA	NA
"144"	"Rubiaceae"	"Trop"	"Psychotria_suterella"	NA	10	NA	NA	NA	NA	NA	0,116213288283843	NA	NA	NA	NA
"267"	"Rubiaceae"	"Trop"	"Psychotria_vellosiana"	NA	NA	1	NA	65	NA	NA	NA	0,00378031273379978	NA	0,377200465582855	NA
"329"	"Rubiaceae"	"Trop"	"Rudgea_gardenoides"	NA	NA	NA	NA	1	NA	NA	NA	NA	NA	0,025131483164044	NA
"118"	"Rubiaceae"	"Trop"	"Rudgea_jasminoides"	NA	54	NA	NA	23	NA	NA	1,25584197345083	NA	NA	0,273162433759737	NA
"272"	"Rubiaceae"	"Trop"	"Rudgea_triflora"	NA	NA	NA	22	NA	NA	NA	NA	NA	0,268328672212813	NA	NA
"19"	"Ruscaceae"	"Trop"	"Cordyline_terminalis"	35	NA	NA	NA	NA	NA	0,933309580004928	NA	NA	NA	NA	NA
"142"	"Rutaceae"	"Trop"	"Helietta_apiculata"	NA	10	NA	NA	NA	NA	NA	4,75546063138068	NA	NA	NA	NA
"134"	"Rutaceae"	"Trop"	"Pilocarpus_pennatifolius"	NA	17	NA	NA	NA	NA	NA	0,837727810067241	NA	NA	NA	NA
"172"	"Rutaceae"	"Trop"	"Zanthoxylum_caribaeum"	NA	4	NA	NA	NA	NA	NA	0,0921524833999776	NA	NA	NA	NA
"225"	"Rutaceae"	"Trop"	"Zanthoxylum_fagara"	NA	1	NA	NA	NA	NA	NA	0,854594240692806	NA	NA	NA	NA
"163"	"Rutaceae"	"Trop"	"Zanthoxylum_monogynum"	NA	6	NA	NA	NA	NA	NA	1,31420913676742	NA	NA	NA	NA
"252"	"Rutaceae"	"Trop"	"Zanthoxylum_rhoifolium"	NA	NA	3	NA	5	NA	NA	NA	0,759449242684399	NA	0,0492752265701991	NA
"100"	"Sabiaceae"	"Trop"	"Meliosma_sp."	1	NA	NA	NA	NA	NA	0,00451402364292487	NA	NA	NA	NA	NA
"24"	"Salicaceae"	"Trop"	"Casearia_decandra"	23	3	2	1	19	NA	1,07543996167591	0,045690788036089	0,0575762986980849	0,00676993049009614	0,539683665170287	NA
"135"	"Salicaceae"	"Trop"	"Casearia_gossypiosperma"	NA	16	NA	NA	NA	NA	NA	7,45138024229709	NA	NA	NA	NA
"93"	"Salicaceae"	"Trop"	"Casearia_lasiophylla"	1	NA	NA	NA	2	NA	0,0596613068527986	NA	NA	NA	0,0179144864231019	NA
"62"	"Salicaceae"	"Trop"	"Casearia_obliqua"	4	8	NA	NA	8	NA	0,552217788571395	1,02205440314962	NA	NA	1,58353360231786	NA
"14"	"Salicaceae"	"Trop"	"Casearia_sylvestris"	44	29	NA	NA	42	NA	4,60348717141079	4,34702761954352	NA	NA	1,38472649244786	NA
"73"	"Salicaceae"	"Trop"	"Prockia_crucis"	3	5	NA	NA	NA	NA	0,0331655256168472	0,234025950834221	NA	NA	NA	NA
"90"	"Salicaceae"	"Trop"	"Xylosma_ciliatifolia"	2	NA	NA	NA	6	NA	0,0197837657628551	NA	NA	NA	0,562320268666222	NA
"147"	"Salicaceae"	"Trop"	"Xylosma_tweediana"	NA	9	NA	NA	NA	NA	NA	4,50653248876202	NA	NA	NA	NA
"7"	"Sapindaceae"	"Trop"	"Allophylus_edulis"	85	20	NA	NA	8	20	0,793272830366287	1,87405136540649	NA	NA	0,233444260743968	0,738039890884674
"6"	"Sapindaceae"	"Trop"	"Cupania_oblongifolia"	103	NA	NA	NA	NA	NA	6,50829032254457	NA	NA	NA	NA	NA
"148"	"Sapindaceae"	"Trop"	"Cupania_tenuivalvis"	NA	8	NA	NA	NA	NA	NA	0,332342058089337	NA	NA	NA	NA
"36"	"Sapindaceae"	"Trop"	"Cupania_vernalis"	10	1	NA	NA	NA	NA	0,757254696779886	0,0393902505423648	NA	NA	NA	NA
"153"	"Sapindaceae"	"Trop"	"Diatenopteryx_sorbifolia"	NA	7	NA	NA	NA	NA	NA	9,79074641957665	NA	NA	NA	NA
"2"	"Sapindaceae"	"Trop"	"Matayba_elaeagnoides"	163	30	NA	NA	394	NA	66,1568852317933	16,7194226995252	NA	NA	31,0368872360705	NA
"165"	"Sapotaceae"	"Trop"	"Chrysophyllum_gonocarpum"	NA	5	NA	NA	NA	NA	NA	0,269762507340538	NA	NA	NA	NA
"35"	"Sapotaceae"	"Trop"	"Chrysophyllum_marginatum"	10	1	NA	NA	NA	NA	1,36602559889816	0,143244491197388	NA	NA	NA	NA
"109"	"Sapotaceae"	"Trop"	"Pouteria_gardneri"	1	NA	NA	NA	NA	NA	0,180615644383101	NA	NA	NA	NA	NA
"214"	"Sapotaceae"	"Trop"	"Pouteria_gardneriana"	NA	1	NA	NA	NA	NA	NA	0,128112698984558	NA	NA	NA	NA
"327"	"Simaroubaceae"	"Temp"	"Picrasma_crenata"	NA	NA	NA	NA	1	NA	NA	NA	NA	NA	0,0456562006968928	NA
"198"	"Solanaceae"	"Trop"	"Cestrum_intermedium"	NA	1	NA	NA	NA	NA	NA	0,0303352484051757	NA	NA	NA	NA
"269"	"Solanaceae"	"Trop"	"Solanum_(=231)"	NA	NA	1	NA	NA	NA	NA	NA	0,179577250585679	NA	NA	NA
"217"	"Solanaceae"	"Trop"	"Solanum_argentum"	NA	1	NA	NA	NA	NA	NA	0,00622136692825811	NA	NA	NA	NA
"218"	"Solanaceae"	"Trop"	"Solanum_bullatum"	NA	1	NA	NA	3	NA	NA	0,2526558925755	NA	NA	0,204247032536649	NA
"285"	"Solanaceae"	"Trop"	"Solanum_concinnum"	NA	NA	NA	1	NA	NA	NA	NA	NA	0,0267421316759845	NA	NA
"247"	"Solanaceae"	"Trop"	"Solanum_mauritianum"	NA	NA	5	NA	NA	NA	NA	NA	0,0275345925990199	NA	NA	NA
"64"	"Solanaceae"	"Trop"	"Solanum_pseudoquina"	4	1	4	NA	NA	NA	0,0376021327916566	0,0172712837127186	0,0855121311090259	NA	NA	NA
"29"	"Solanaceae"	"Trop"	"Solanum_rufescens"	16	NA	NA	NA	NA	NA	0,5828183692701	NA	NA	NA	NA	NA
"141"	"Solanaceae"	"Trop"	"Solanum_sanctae-catharinae"	NA	12	NA	NA	NA	NA	NA	0,251729616486814	NA	NA	NA	NA
"219"	"Solanaceae"	"Trop"	"Solanum_swartzianum"	NA	1	1	30	NA	NA	NA	0,092416166413075	0,0133775167865201	2,0798890627484	NA	NA
"220"	"Styracaceae"	"Temp"	"Styrax_camporum"	NA	1	NA	NA	NA	NA	NA	0,0900525342510276	NA	NA	NA	NA
"246"	"Styracaceae"	"Temp"	"Styrax_leprosus"	NA	NA	6	NA	NA	NA	NA	NA	0,112108260741219	NA	NA	NA
"343"	"Styracaceae"	"Trop"	"Styrax_leprosus"	NA	NA	NA	NA	NA	4	NA	NA	NA	NA	NA	0,05689047068713
"179"	"Styracaceae"	"Temp"	"Styrax_pohlii"	NA	3	NA	NA	NA	NA	NA	0,0372741947843126	NA	NA	NA	NA
"270"	"Symplocaceae"	"Trop"	"Symplocos_celastrinea"	NA	NA	1	NA	NA	1	NA	NA	0,00898433020188081	NA	NA	0,00955333821327082
"258"	"Symplocaceae"	"Trop"	"Symplocos_estrellensis"	NA	NA	2	NA	NA	NA	NA	NA	0,0196821586223467	NA	NA	NA
"231"	"Symplocaceae"	"Trop"	"Symplocos_falcata"	NA	NA	67	67	3	10	NA	NA	1,90564251181734	2,10697550165716	0,0756303452677943	0,198937995802373
"221"	"Symplocaceae"	"Trop"	"Symplocos_insignis"	NA	1	NA	NA	21	NA	NA	0,00800957427774443	NA	NA	7,35976804778505	NA
"112"	"Symplocaceae"	"Trop"	"Symplocos_pubescens"	1	NA	NA	NA	NA	NA	0,00592149879016158	NA	NA	NA	NA	NA
"294"	"Symplocaceae"	"Trop"	"Symplocos_revoluta"	NA	NA	NA	NA	23	NA	NA	NA	NA	NA	10,2583799780054	NA
"76"	"Symplocaceae"	"Trop"	"Symplocos_variabilis"	3	NA	NA	108	NA	NA	0,112515167075787	NA	NA	3,66773113614309	NA	NA
"316"	"Thymelaeaceae"	"Trop"	"Daphnopsis_sellowiana"	NA	NA	NA	NA	1	NA	NA	NA	NA	NA	0,00674699344525796	NA
"181"	"Urticaceae"	"Trop"	"Cecropia_glaziovii"	NA	2	NA	NA	NA	NA	NA	0,515217662675696	NA	NA	NA	NA
"196"	"Urticaceae"	"Trop"	"Cecropia_pachystachya"	NA	1	NA	NA	NA	NA	NA	0,017765641825322	NA	NA	NA	NA
"261"	"Vochysiaceae"	"Trop"	"Callisthene_fasciculata"	NA	NA	1	NA	NA	NA	NA	NA	0,0108051138428248	NA	NA	NA
"114"	"Vochysiaceae"	"Trop"	"Vochysia_bifalcata"	1	NA	NA	NA	NA	NA	0,0201063394590862	NA	NA	NA	NA	NA
"180"	"Vochysiaceae"	"Trop"	"Vochysia_magnifica"	NA	3	NA	NA	NA	NA	NA	0,287379735168512	NA	NA	NA	NA
"307"	"Vochysiaceae"	"Trop"	"Vochysia_saldanhana"	NA	NA	NA	NA	5	NA	NA	NA	NA	NA	0,136672747776574	NA
"227"	"Winteraceae"	"Temp"	"Drimys_brasiliensis"	NA	NA	214	NA	1	20	NA	NA	6,83159082990914	NA	0,580965681637652	0,251852104983299
"271"	"Winteraceae"	"Trop"	"Drimys_brasiliensis"	NA	NA	NA	420	NA	NA	NA	NA	NA	27,2551135308218	NA	NA
